PROFESSORID,PROFESSORNAME,EXPERIENCE,USERID
pf01,Balakrishnan,2,balakrishnan@gmail.com
pf02,Balraj,6,balraj@gmail.com
pf03,Nandhagopal,8,nandhagopal@gmail.com
pf04,Janani,3,janani@gmail.com
pf05,Sindya,6,sindya@gmail.com
pf06,Christoper,4,christoper@gmail.com
pf07,Priya,1,priya@gmail.com
pf08,Gomathi,12,gomathi@gmail.com
pf09,Saranya,10,saranya@gmail.com
